<Backups xmlns="http://www.microsoft.com/GroupPolicy/GPOOperations/Manifest" xmlns:mfst="http://www.microsoft.com/GroupPolicy/GPOOperations/Manifest" mfst:version="1.0"><BackupInst><GPOGuid><![CDATA[{C78AE8E8-60AD-4C2E-9550-321780F1BB85}]]></GPOGuid><GPODomain><![CDATA[CIS.BM]]></GPODomain><GPODomainGuid><![CDATA[{09a94884-59a0-4a2a-8795-69a6bc23c4e7}]]></GPODomainGuid><GPODomainController><![CDATA[WindowsBMDC.CIS.BM]]></GPODomainController><BackupTime><![CDATA[2025-05-20T12:00:36]]></BackupTime><ID><![CDATA[{C4792FD9-C967-464C-9BFF-6279ED028EF4}]]></ID><Comment><![CDATA[CIS MicrosoftWindows 11 Stand-alone v4.0.0 Computer Level 2]]></Comment><GPODisplayName><![CDATA[Windows 11 Stand Alone v4.0.0 Comp L2]]></GPODisplayName></BackupInst></Backups>