<Backups xmlns="http://www.microsoft.com/GroupPolicy/GPOOperations/Manifest" xmlns:mfst="http://www.microsoft.com/GroupPolicy/GPOOperations/Manifest" mfst:version="1.0"><BackupInst><GPOGuid><![CDATA[{62486279-4EF6-4B86-9724-C67AF9E9738C}]]></GPOGuid><GPODomain><![CDATA[CIS.BM]]></GPODomain><GPODomainGuid><![CDATA[{09a94884-59a0-4a2a-8795-69a6bc23c4e7}]]></GPODomainGuid><GPODomainController><![CDATA[WindowsBMDC.CIS.BM]]></GPODomainController><BackupTime><![CDATA[2025-05-20T12:00:01]]></BackupTime><ID><![CDATA[{76CDD355-CA8D-4F95-8E4F-54F94276D587}]]></ID><Comment><![CDATA[CIS MicrosoftWindows 11 Stand-alone v4.0.0 Computer Level 1]]></Comment><GPODisplayName><![CDATA[Windows 11 Stand Alone v4.0.0 Comp L1]]></GPODisplayName></BackupInst></Backups>