<BackupInst xmlns="http://www.microsoft.com/GroupPolicy/GPOOperations/Manifest"><GPOGuid><![CDATA[{33060FF9-AF92-4C96-81FE-47BB469E5642}]]></GPOGuid><GPODomain><![CDATA[CIS.BM]]></GPODomain><GPODomainGuid><![CDATA[{09a94884-59a0-4a2a-8795-69a6bc23c4e7}]]></GPODomainGuid><GPODomainController><![CDATA[WindowsBMDC.CIS.BM]]></GPODomainController><BackupTime><![CDATA[2025-05-20T12:02:18]]></BackupTime><ID><![CDATA[{3F8804C4-4B15-415B-A3CA-411573AD4CEF}]]></ID><Comment><![CDATA[CIS MicrosoftWindows 11 Stand-alone v4.0.0 User Level 1]]></Comment><GPODisplayName><![CDATA[Windows 11 Stand Alone v4.0.0 User L1]]></GPODisplayName></BackupInst>
