<BackupInst xmlns="http://www.microsoft.com/GroupPolicy/GPOOperations/Manifest"><GPOGuid><![CDATA[{CF4E1865-ABFB-41D0-B333-0E20B169B38F}]]></GPOGuid><GPODomain><![CDATA[CIS.BM]]></GPODomain><GPODomainGuid><![CDATA[{09a94884-59a0-4a2a-8795-69a6bc23c4e7}]]></GPODomainGuid><GPODomainController><![CDATA[WindowsBMDC.CIS.BM]]></GPODomainController><BackupTime><![CDATA[2025-05-20T12:01:50]]></BackupTime><ID><![CDATA[{5DB90566-BAF7-4221-BA3D-D6A088A17C4D}]]></ID><Comment><![CDATA[CIS MicrosoftWindows 11 Stand-alone v4.0.0 Services Level 2]]></Comment><GPODisplayName><![CDATA[Windows 11 Stand Alone v4.0.0 Services L2]]></GPODisplayName></BackupInst>
