<BackupInst xmlns="http://www.microsoft.com/GroupPolicy/GPOOperations/Manifest"><GPOGuid><![CDATA[{15784FD0-65BA-4B45-A4F9-456FC51CF469}]]></GPOGuid><GPODomain><![CDATA[CIS.BM]]></GPODomain><GPODomainGuid><![CDATA[{09a94884-59a0-4a2a-8795-69a6bc23c4e7}]]></GPODomainGuid><GPODomainController><![CDATA[WindowsBMDC.CIS.BM]]></GPODomainController><BackupTime><![CDATA[2025-05-20T12:01:15]]></BackupTime><ID><![CDATA[{C89E5515-0605-478D-83DB-2B63B96BB807}]]></ID><Comment><![CDATA[CIS MicrosoftWindows 11 Stand-alone v4.0.0 Services Level 1]]></Comment><GPODisplayName><![CDATA[Windows 11 Stand Alone v4.0.0 Services L1]]></GPODisplayName></BackupInst>
