<Backups xmlns="http://www.microsoft.com/GroupPolicy/GPOOperations/Manifest" xmlns:mfst="http://www.microsoft.com/GroupPolicy/GPOOperations/Manifest" mfst:version="1.0"><BackupInst><GPOGuid><![CDATA[{7C6A44D3-8FCA-408B-9911-4CFFB1D12ABB}]]></GPOGuid><GPODomain><![CDATA[CIS.BM]]></GPODomain><GPODomainGuid><![CDATA[{09a94884-59a0-4a2a-8795-69a6bc23c4e7}]]></GPODomainGuid><GPODomainController><![CDATA[WindowsBMDC.CIS.BM]]></GPODomainController><BackupTime><![CDATA[2025-05-20T12:02:33]]></BackupTime><ID><![CDATA[{0F18669A-BC1E-4472-B55C-4549565E084B}]]></ID><Comment><![CDATA[CIS MicrosoftWindows 11 Stand-alone v4.0.0 User Level 2]]></Comment><GPODisplayName><![CDATA[Windows 11 Stand Alone v4.0.0 User L2]]></GPODisplayName></BackupInst></Backups>