<BackupInst xmlns="http://www.microsoft.com/GroupPolicy/GPOOperations/Manifest"><GPOGuid><![CDATA[{E5E7E689-F45D-4DF4-B00C-94FCBEB19FF9}]]></GPOGuid><GPODomain><![CDATA[CIS.BM]]></GPODomain><GPODomainGuid><![CDATA[{09a94884-59a0-4a2a-8795-69a6bc23c4e7}]]></GPODomainGuid><GPODomainController><![CDATA[WindowsBMDC.CIS.BM]]></GPODomainController><BackupTime><![CDATA[2025-05-20T11:59:25]]></BackupTime><ID><![CDATA[{A0C6A141-F0A8-4522-B14C-CD5F438D040F}]]></ID><Comment><![CDATA[CIS MicrosoftWindows 11 Stand-alone v4.0.0 Bitlocker]]></Comment><GPODisplayName><![CDATA[Windows 11 Stand Alone v4.0.0 Bitlocker]]></GPODisplayName></BackupInst>
